depth,gamma
2700.0203,47.6563
2700.187,50.7362
2700.3536, 50.841
2700.5203, 45.5122
2700.687, 41.9408
2700.8536, 39.9073
2701.0203, 38.2606
2701.187, 37.3526
2701.3536, 33.1353
2701.5203, 39.5488
2701.687, 41.7413
2701.8536, 46.597
2702.0203, 43.3631
2702.187, 48.8917
2702.3536, 50.5682
2702.687, 46.8338
2702.8536, 46.6725
2703.0203, 42.3094
2703.187, 49.4579
2703.3536, 48.9782
2703.5203, 52.8143
2703.687, 49.2189
2703.8536, 54.3562
2704.0203, 51.7804
2704.187, 50.0662
2704.3536, 45.3286
2704.5203, 46.8209
2704.687, 46.2466
2704.8536, 42.9376
2705.0203, 35.4942
2705.187, 40.1265
2705.3536, 42.9399
2705.5203, 48.9791
2705.687, 51.2355
2705.8536, 51.7988
2706.0203, 48.5946
2706.187, 39.989
2706.3536, 37.281
2706.5203, 38.8361
2706.687, 40.8497
2706.8536, 39.4433
2707.0203, 37.3621
2707.187, 38.6957
2707.3536, 44.0818
2707.5203, 45.851
2707.687, 46.6685
2707.8536, 44.8242
2708.0203, 46.3909
2708.187, 47.2217
2708.3536, 44.3864
2708.5203, 41.6455
2708.687, 39.5228
2708.8536, 43.2201
2709.0203, 44.1094
2709.187, 45.8617
2709.3536, 42.0961
2709.5203, 39.5134
2709.687, 41.6174
2709.8536, 43.9672
2710.0203, 48.1497
2710.187, 48.8499
2710.3536, 49.521
2710.5203, 49.3393
2710.687, 45.6472
2710.8536, 42.803
2711.0203, 40.7527
2711.187, 39.8626
2711.3536, 40.5873
2711.5203, 41.7133
2711.687, 45.824
2711.8536, 47.8087
2712.0203, 48.7312
2712.187, 42.7105
2712.3536, 41.155
2712.5203, 42.7742
2712.687, 50.1086
2712.8536, 50.0829
2713.0203, 47.8343
2713.187, 41.2063
2713.3536, 40.0366
2713.5203, 41.51
2713.687, 43.2824
2713.8536, 45.1486
2714.0203, 42.6527
2714.187, 39.0197
2714.3536, 35.7066
2714.5203, 39.109
2714.687, 47.0429
2714.8536, 52.1768
2715.0203, 50.7107
2715.187, 48.1482
2715.3536, 50.1129
2715.5203, 51.8301
2715.687, 46.7784
2715.8536, 40.7736
2716.0203, 40.0544
2716.187, 45.7005
2716.3536, 47.4518
2716.5203, 44.8265
2716.687, 42.8278
2716.8536, 41.6779
2717.0203, 42.8895
2717.187, 44.0075
2717.3536, 46.4544
2717.5203, 48.9163
2717.687, 48.7562
2717.8536, 46.894
2718.0203, 42.9658
2718.187, 40.0348
2718.3536, 39.8948
2718.5203, 42.3834
2718.687, 42.6158
2718.8536, 40.3372
2719.0203, 40.1784
2719.187, 41.433
2719.3536, 43.62
2719.5203, 44.9642
2719.687, 48.8668
2719.8536, 52.4211
2720.0203, 51.1552
2720.187, 45.1899
2720.3536, 41.4321
2720.5203, 39.6842
2720.687, 41.7532
2720.8536, 44.3696
2721.0203, 45.8439
2721.187, 43.7584
2721.3536, 40.0359
2721.5203, 37.8457
2721.687, 38.3372
2721.8536, 37.8637
2722.0203, 39.1059
2722.187, 41.7479
2722.3536, 46.1117
2722.5203, 45.2564
2722.687, 42.941
2722.8536, 42.1153
2723.0203, 41.1663
2723.187, 38.0302
2723.3536, 37.2896
2723.5203, 41.8765
2723.687, 44.3878
2723.8536, 45.0981
2724.0203, 41.9427
2724.187, 40.8928
2724.3536, 34.4819
2724.5203, 35.104
2724.687, 38.6024
2724.8536, 44.9255
2725.0203, 41.1561
2725.187, 37.8785
2725.3536, 38.3972
2725.5203, 42.5645
2725.687, 43.7857
2725.8536, 42.3953
2726.0203, 38.5171
2726.187, 38.0922
2726.3536, 33.668
2726.5203, 33.6455
2726.687,32.8798
2726.8536,35.136
2727.0203,33.841
2727.187,32.9255
2727.3536,31.8398
2727.5203,34.2765
2727.687,33.941
2727.8536,33.8322
2728.0203,31.1012
2728.187,27.0811
2728.3536,23.2262
2728.5203,25.9613
2728.687,29.4646
2728.8536,32.2093
2729.0203,30.5349
2729.187,28.7866
2729.3536,27.276
2729.5203,27.1723
2729.687,26.6404
2729.8536,28.0208
2730.0203,27.0561
2730.187,29.2082
2730.3536,28.1119
2730.5203,27.6341
2730.687,23.419
2730.8536,25.9441
2731.0203,25.4868
2731.187,27.1042
2731.3536,23.6471
2731.5203,24.9625
2731.687,25.3652
2731.8536,26.7836
2732.0203,26.6811
2732.187,26.9655
2732.3536,28.7039
2732.5203,27.1826
2732.687,27.2093
2732.8536,27.3373
2733.0203,28.2256
2733.187,28.8536
2733.3536,27.9939
2733.5203,28.6108
2733.687,31.5473
2733.8536,32.7867
2734.0203,29.9958
2734.187,26.5076
2734.3536,26.5654
2734.5203,26.6573
2734.687,27.5879
2734.8536,25.9796
2735.0203,27.504
2735.187,24.136
2735.3536,21.7045
2735.5203,18.5264
2735.687,21.0978
2735.8536,22.4835
2736.0203,24.327
2736.187,26.4194
2736.3536,27.9938
2736.5203,27.7782
2736.687,26.0611
2736.8536,24.8449
2737.0203,24.0265
2737.187,20.5833
2737.3536,18.3422
2737.5203,19.3404
2737.687,21.1384
2737.8536,22.5608
2738.0203,21.0042
2738.187,23.7726
2738.3536,23.0835
2738.5203,25.4656
2738.687,23.2159
2738.8536,24.5107
2739.0203,22.6384
2739.187,22.828
2739.3536,20.6307
2739.5203,21.7442
2739.687,22.8554
2739.8536,28.1996
2740.0203,29.1749
2740.187,26.6601
2740.3536,22.8629
2740.5203,24.0613
2740.687,27.5579
2740.8536,31.4197
2741.0203,33.5482
2741.187,31.534
2741.3536,28.4238
2741.5203,26.0516
2741.687,28.7862
2741.8536,29.7683
2742.0203,28.1165
2742.187,26.7254
2742.3536,24.7136
2742.5203,27.4749
2742.687,25.3775
2742.8536,29.1972
2743.0203,25.3896
2743.187,26.2305
2743.3536,24.5555
2743.5203,26.835
2743.687,28.9537
2743.8536,28.8207
2744.0203,31.4876
2744.187,34.0207
2744.3536,35.7101
2744.5203,30.3918
2744.687,31.8091
2744.8536,29.7624
2745.0203,32.4332
2745.187,27.2267
2745.3536,28.7865
2745.5203,30.9146
2745.687,34.8677
2745.8536,34.3244
2746.0203,31.1666
2746.187,29.3609
2746.3536,27.865
2746.5203,28.5257
2746.687,29.161
2746.8536,30.8822
2747.0203,30.4465
2747.187,27.1381
2747.3536,25.988
2747.5203,24.1653
2747.687,22.6842
2747.8536,20.2799
2748.0203,22.018
2748.187,23.6904
2748.3536,22.5521
2748.5203,19.9418
2748.687,18.5379
2748.8536,18.6207
2749.0203,18.2104
2749.187,21.2214
2749.3536,23.2917
2749.5203,24.8312
2749.687,22.059
2749.8536,22.2683
2750.0203,23.2208
2750.187,21.5555
2750.3536,22.0823
2750.5203,22.4491
2750.687,23.5707
2750.8536,22.9942
2751.0203,22.3669
2751.187,21.8154
2751.3536,20.9113
2751.5203,22.9157
2751.687,22.2834
2751.8536,23.086
2752.0203,20.0366
2752.187,17.8942
2752.3536,16.6003
2752.5203,16.2956
2752.687,20.091
2752.8536,22.0937
2753.0203,25.0365
2753.187,23.8058
2753.3536,23.225
2753.5203,22.489
2753.687,25.3607
2753.8536,25.9906
2754.0203,24.624
2754.187,23.3969
2754.3536,23.0533
2754.5203,22.9527
2754.687,19.2239
2754.8536,17.9337
2755.0203,17.1418
2755.187,17.0239
2755.3536,19.191
2755.5203,20.4453
2755.687,19.9384
2755.8536,18.9441
2756.0203,17.9419
2756.187,20.5967
2756.3536,19.753
2756.5203,20.0677
2756.687,22.5643
2756.8536,23.48
2757.0203,23.4556
2757.187,20.2772
2757.3536,18.4801
2757.5203,16.7954
2757.687,16.0405
2757.8536,14.9516
2758.0203,15.5197
2758.187,14.2991
2758.3536,16.7556
2758.5203,16.2844
2758.687,18.2876
2758.8536,15.9323
2759.0203,17.6814
2759.187,18.8569
2759.3536,18.7325
2759.5203,17.7448
2759.687,16.73
2759.8536,19.6373
2760.0203,20.8348
2760.187,21.1414
2760.3536,18.9447
2760.5203,17.487
2760.687,17.7174
2760.8536,16.7528
2761.0203,18.5928
2761.187,20.7654
2761.3536,22.1491
2761.5203,20.6415
2761.687,18.2305
2761.8536,17.6676
2762.0203,16.3775
2762.187,15.7477
2762.3536,17.1199
2762.5203,18.6803
2762.687,18.6285
2762.8536,18.4616
2763.0203,20.7231
2763.187,26.4076
2763.3536,28.8241
2763.5203,27.0338
2763.687,21.4974
2763.8536,22.0218
2764.0203,22.0562
2764.187,24.6123
2764.3536,19.6332
2764.5203,20.183
2764.687,19.8136
2764.8536,26.153
2765.0203,30.1365
2765.187,32.7604
2765.3536,28.4354
2765.5203,25.1552
2765.687,24.1746
2765.8536,25.4326
2766.0203,26.0611
2766.187,28.3092
2766.3536,25.7996
2766.5203,24.0579
2766.687,20.1764
2766.8536,20.8503
2767.0203,20.9521
2767.187,19.7702
2767.3536,22.5688
2767.5203,23.4372
2767.687,23.8756
2767.8536,22.0475
2768.0203,22.5065
2768.187,20.2355
2768.3536,21.031
2768.5203,24.0702
2768.687,24.102
2768.8536,23.6758
2769.0203,19.6135
2769.187,24.1583
2769.3536,26.4361
2769.5203,29.5317
2769.687,29.0814
2769.8536,25.1979
2770.0203,20.4128
2770.187,17.1969
2770.3536,18.665
2770.5203,21.8157
2770.687,24.9968
2770.8536,22.701
2771.0203,19.1195
2771.187,15.1214
2771.3536,15.0644
2771.5203,15.4763
2771.687,16.9141
2771.8536,17.2277
2772.0203,17.6843
2772.187,17.5372
2772.3536,19.1127
2772.5203,21.9868
2772.687,25.6081
2772.8536,26.4244
2773.0203,22.137
2773.187,20.8814
2773.3536,21.6184
2773.5203,24.0019
2773.687,22.612
2773.8536,24.0823
2774.0203,21.9462
2774.187,21.2553
2774.3536,16.6986
2774.5203,19.9366
2774.687,21.3776
2774.8536,24.2731
2775.0203,22.9783
2775.187,24.2296
2775.3536,21.7489
2775.5203,18.8614
2775.687,14.2569
2775.8536,13.9702
2776.0203,13.7637
2776.187,16.5146
2776.3536,18.1075
2776.5203,18.0755
2776.687,17.9575
2776.8536,17.5987
2777.0203,20.2287
2777.187,25.7923
2777.3536,25.8021
2777.5203,25.5764
2777.687,21.8992
2777.8536,25.1611
2778.0203,27.3758
2778.187,27.1398
2778.3536,25.2919
2778.5203,22.4597
2778.687,23.2918
2778.8536,22.2099
2779.0203,23.1405
2779.187,24.6876
2779.3536,25.1947
2779.5203,26.0034
2779.687,23.4906
2779.8536,20.8162
2780.0203,19.7539
2780.187,17.8391
2780.3536,19.9901
2780.5203,20.0778
2780.687,23.5708
2780.8536,24.9588
2781.0203,24.2052
2781.187,21.4673
2781.3536,20.3201
2781.5203,19.752
2781.687,18.0168
2781.8536,15.852
2782.0203,14.1348
2782.187,12.429
2782.3536,13.7282
2782.5203,17.366
2782.687,19.8548
2782.8536,18.9179
2783.0203,17.5437
2783.187,18.4671
2783.3536,20.8799
2783.5203,25.533
2783.687,27.513
2783.8536,26.5379
2784.0203,21.6448
2784.187,17.934
2784.3536,19.3245
2784.5203,21.3826
2784.687,23.4276
2784.8536,24.9652
2785.0203,24.9346
2785.187,24.2296
2785.3536,21.8069
2785.5203,21.5704
2785.687,25.2668
2785.8536,25.7636
2786.0203,25.5083
2786.187,23.987
2786.3536,25.9619
2786.5203,25.3636
2786.687,24.5966
2786.8536,22.3754
2787.0203,26.894
2787.187,24.4516
2787.3536,24.8092
2787.5203,20.2405
2787.687,23.6899
2787.8536,22.379
2788.0203,20.9832
2788.187,18.8639
2788.3536,20.0986
2788.5203,23.3864
2788.687,23.6261
2788.8536,23.0549
2789.0203,21.6457
2789.187,21.8953
2789.3536,21.3814
2789.5203,20.4286
2789.687,21.229
2789.8536,20.5098
2790.0203,19.9504
2790.187,19.1521
2790.3536,23.9703
2790.5203,25.5206
2790.687,25.8048
2790.8536,22.6223
2791.0203,21.9671
2791.187,19.7885
2791.3536,19.2837
2791.5203,16.9171
2791.687,20.8792
2791.8536,22.6606
2792.0203,25.041
2792.187,24.2535
2792.3536,25.0005
2792.5203,24.9314
2792.687,22.6799
2792.8536,19.5188
2793.0203,20.4101
2793.187,23.0099
2793.3536,23.3063
2793.5203,21.3445
2793.687,22.9179
2793.8536,23.9932
2794.0203,25.4399
2794.187,22.8761
2794.3536,22.2636
2794.5203,22.6208
2794.687,20.2594
2794.8536,21.5395
2795.0203,20.8605
2795.187,23.7928
2795.3536,24.2107
2795.5203,24.4773
2795.687,23.4524
2795.8536,21.5196
2796.0203,23.0524
2796.187,22.2329
2796.3536,21.331
2796.5203,20.0169
2796.687,19.6152
2796.8536,19.0114
2797.0203,17.5274
2797.187,19.421
2797.3536,20.3807
2797.5203,21.864
2797.687,20.6567
2797.8536,25.1173
2798.0203,27.3594
2798.187,29.939
2798.3536,25.0823
2798.5203,24.3005
2798.687,21.3387
2798.8536,23.138
2799.0203,21.586
2799.187,23.1069
2799.3536,21.2086
2799.5203,21.9475
2799.687,19.7143
2799.8536,21.7644
2800.0203,22.2796
2800.187,26.1706
2800.3536,27.3754
2800.5203,26.8616
2800.687,25.4399
2800.8536,23.6305
2801.0203,21.9407
2801.187,20.6567
2801.3536,24.7534
2801.5203,27.3136
2801.687,27.0559
2801.8536,24.8835
2802.0203,23.2594
2802.187,24.4537
2802.3536,22.7265
2802.5203,22.9834
2802.687,21.6429
2802.8536,22.4228
2803.0203,22.9425
2803.187,24.5663
2803.3536,27.8951
2803.5203,27.2866
2803.687,28.0728
2803.8536,28.4005
2804.0203,28.3836
2804.187,29.2888
2804.3536,30.3846
2804.5203,30.5062
2804.687,32.2953
2804.8536,29.7407
2805.0203,34.2408
2805.187,29.8995
2805.3536,32.8022
2805.5203,30.3391
2805.687,30.6517
2805.8536,28.0239
2806.0203,30.3959
2806.187,31.7672
2806.3536,33.2982
2806.5203,31.1525
2806.687,31.4464
2806.8536,30.7362
2807.0203,30.2592
2807.187,32.1962
2807.3536,32.5705
2807.5203,30.6594
2807.687,30.5254
2807.8536,27.0456
2808.0203,29.0632
2808.187,32.0045
2808.3536,32.1227
2808.5203,34.1874
2808.687,27.5426
2808.8536,27.8614
2809.0203,28.5432
2809.187,33.3642
2809.3536,35.6596
2809.5203,32.976
2809.687,31.2735
2809.8536,27.3909
2810.0203,25.7962
2810.187,23.0764
2810.3536,21.5635
2810.5203,21.2787
2810.687,19.9396
2810.8536,23.2663
2811.0203,23.3535
2811.187,23.5521
2811.3536,19.9056
2811.5203,17.9823
2811.687,20.3312
2811.8536,22.5393
2812.0203,25.0899
2812.187,24.8931
2812.3536,24.9496
2812.5203,22.8018
2812.687,23.5192
2812.8536,24.9243
2813.0203,27.4002
2813.187,28.8806
2813.3536,26.4064
2813.5203,27.0652
2813.687,26.826
2813.8536,28.7967
2814.0203,26.6194
2814.187,22.9789
2814.3536,23.6221
2814.5203,25.4042
2814.687,23.484
2814.8536,22.6923
2815.0203,20.5561
2815.187,23.7897
2815.3536,23.4638
2815.5203,26.5122
2815.687,29.7849
2815.8536,29.5871
2816.0203,29.4974
2816.187,26.4052
2816.3536,27.6126
2816.5203,23.9227
2816.687,23.9695
2816.8536,24.5742
2817.0203,26.4222
2817.187,25.9898
2817.3536,23.2387
2817.5203,24.9295
2817.687,24.0656
2817.8536,25.5988
2818.0203,23.4563
2818.187,23.938
2818.3536,24.1003
2818.5203,24.8701
2818.687,25.0673
2818.8536,24.7381
2819.0203,24.9814
2819.187,24.6056
2819.3536,24.91
2819.5203,27.4316
2819.687,29.3475
2819.8536,28.9039
2820.0203,28.9395
2820.187,32.247
2820.3536,35.923
2820.5203,35.7187
2820.687,33.4902
2820.8536,28.1978
2821.0203,28.8288
2821.187,26.1236
2821.3536,29.9911
2821.5203,26.9886
2821.687,28.5428
2821.8536,24.0147
2822.0203,24.0827
2822.187,19.5073
2822.3536,21.3083
2822.5203,25.2618
2822.687,29.8693
2822.8536,27.7958
2823.0203,23.144
2823.187,21.7629
2823.3536,25.2579
2823.5203,26.6611
2823.687,26.1266
2823.8536,25.4528
2824.0203,25.8721
2824.187,25.5829
2824.3536,23.2282
2824.5203,22.3784
2824.687,24.6228
2824.8536,24.8289
2825.0203,23.5284
2825.187,22.2626
2825.3536,23.7158
2825.5203,24.2191
2825.687,27.8704
2825.8536,27.8108
2826.0203,26.8971
2826.187,23.5293
2826.3536,28.7785
2826.5203,32.3049
2826.687,31.8429
2826.8536,28.7659
2827.0203,30.6403
2827.187,32.935
2827.3536,30.6063
2827.5203,26.7527
2827.687,25.3446
2827.8536,26.0239
2828.0203,27.7693
2828.187,26.9202
2828.3536,28.2199
2828.5203,27.5386
2828.687,27.5756
2828.8536,25.9197
2829.0203,26.9007
2829.187,24.8128
2829.3536,25.4645
2829.5203,25.1283
2829.687,26.7125
2829.8536,26.7649
2830.0203,26.9346
2830.187,28.3514
2830.3536,30.9819
2830.5203,28.2745
2830.687,29.7264
2830.8536,27.4463
2831.0203,27.7589
2831.187,27.6341
2831.3536,29.4333
2831.5203,29.4653
2831.687,30.0861
2831.8536,32.378
2832.0203,35.7288
2832.187,35.148
2832.3536,33.6455
2832.5203,33.1523
2832.687,31.4829
2832.8536,30.0586
2833.0203,30.6925
2833.187,34.1631
2833.3536,35.0886
2833.5203,30.8123
2833.687,27.1905
2833.8536,24.8206
2834.0203,25.9196
2834.187,24.6388
2834.3536,24.943
2834.5203,27.3804
2834.687,29.6842
2834.8536,31.4785
2835.0203,28.2819
2835.187,25.8875
2835.3536,26.9698
2835.5203,27.4111
2835.687,30.4593
2835.8536,26.2699
2836.0203,26.031
2836.187,21.6429
2836.3536,21.6132
2836.5203,23.9001
2836.687,27.3215
2836.8536,28.6556
2837.0203,30.0658
2837.187,33.1852
2837.3536,37.1886
2837.5203,36.5552
2837.687,34.5548
2837.8536,32.9368
2838.0203,30.6388
2838.187,28.932
2838.3536,29.5178
2838.5203,28.3506
2838.687,27.0178
2838.8536,26.0664
2839.0203,27.6492
2839.187,25.6166
2839.3536,22.3874
2839.5203,20.7426
2839.687,25.7395
2839.8536,28.4433
2840.0203,32.0921
2840.187,31.4672
2840.3536,31.4802
2840.5203,28.6
2840.687,25.9595
2840.8536,26.0313
2841.0203,29.4594
2841.187,32.4721
2841.3536,32.8488
2841.5203,30.0603
2841.687,28.972
2841.8536,28.6378
2842.0203,27.2808
2842.187,28.2323
2842.3536,30.2838
2842.5203,34.2327
2842.687,33.4084
2842.8536,30.085
2843.0203,30.1985
2843.187,30.9814
2843.3536,31.3974
2843.5203,31.4257
2843.687,29.0149
2843.8536,30.2299
2844.0203,32.7747
2844.187,37.5937
2844.3536,40.3638
2844.5203,41.632
2844.687,43.3935
2844.8536,45.2929
2845.0203,44.7816
2845.187,48.2692
2845.3536,46.8426
2845.5203,48.0218
2845.687,46.9791
2845.8536,56.479
2846.0203,58.7417
2846.187,63.6975
2846.3536,64.0666
2846.5203,68.8486
2846.687,67.8888
2846.8536,68.45
2847.0203,66.0232
2847.187,73.0187
2847.3536,76.593
2847.5203,78.7151
2847.687,75.6457
2847.8536,73.7312
2848.0203,71.8014
2848.187,65.7846
2848.3536,63.2883
2848.5203,60.7411
2848.687,63.6849
2848.8536,63.5347
2849.0203,70.6338
2849.187,69.5963
2849.3536,63.9394
2849.5203,57.0487
2849.687,56.246
2849.8536,59.4544
2850.0203,61.6268
2850.187,62.7137
2850.3536,64.9803
2850.5203,68.0119
2850.687,70.4734
2850.8536,67.5768
2851.0203,63.6252
2851.187,62.6671
2851.3536,60.8131
2851.5203,60.1882
2851.687,57.9833
2851.8536,57.488
2852.0203,56.2335
2852.187,55.2132
2852.3536,53.1926
2852.5203,52.5932
2852.687,55.4131
2852.8536,61.5134
2853.0203,63.4872
2853.187,58.2077
2853.3536,54.259
2853.5203,54.7015
2853.687,62.6209
2853.8536,67.0457
2854.0203,69.8679
2854.187,65.8084
2854.3536,62.015
2854.5203,60.8784
2854.687,60.7712
2854.8536,60.1179
2855.0203,57.0438
2855.187,58.4395
2855.3536,58.7315
2855.5203,56.9172
2855.687,53.3106
2855.8536,52.3113
2856.0203,53.6594
2856.187,54.5554
2856.3536,54.0323
2856.5203,50.5385
2856.687,47.6975
2856.8536,46.813
2857.0203,48.6244
2857.187,51.526
2857.3536,51.8206
2857.5203,52.2856
2857.687,52.0085
2857.8536,51.4828
2858.0203,51.9217
2858.187,51.3733
2858.3536,52.7107
2858.5203,51.2868
2858.687,49.5022
2858.8536,50.5943
2859.0203,52.3871
2859.187,54.9402
2859.3536,54.4501
2859.5203,54.385
2859.687,54.4951
2859.8536,52.7572
2860.0203,52.1112
2860.187,52.7657
2860.3536,56.7939
2860.5203,58.2129
2860.687,56.8005
2860.8536,54.1621
2861.0203,52.3105
2861.187,51.5655
2861.3536,48.6324
2861.5203,47.1364
2861.687,47.5351
2861.8536,50.8907
2862.0203,53.2597
2862.187,51.5693
2862.3536,51.7941
2862.5203,52.3508
2862.687,56.6437
2862.8536,52.7676
2863.0203,51.9262
2863.187,50.711
2863.3536,55.493
2863.5203,56.1909
2863.687,55.625
2863.8536,55.5686
2864.0203,53.4337
2864.187,54.9405
2864.3536,54.191
2864.5203,53.9645
2864.687,57.9797
2864.8536,59.3903
2865.0203,54.651
2865.187,46.6225
2865.3536,44.1702
2865.5203,50.5199
2865.687,51.0199
2865.8536,54.778
2866.0203,57.0588
2866.187,58.4047
2866.3536,52.2204
2866.5203,49.1129
2866.687,45.3508
2866.8536,48.7362
2867.0203,49.2403
2867.187,53.7404
2867.3536,51.0041
2867.5203,46.6629
2867.687,39.0934
2867.8536,39.0151
2868.0203,46.174
2868.187,50.8328
2868.3536,52.0662
2868.5203,46.4863
2868.687,48.1584
2868.8536,48.1265
2869.0203,46.908
2869.187,45.2242
2869.3536,42.9048
2869.5203,45.6494
2869.687,45.5089
2869.8536,48.141
2870.0203,44.5306
2870.187,44.0553
2870.3536,43.8109
2870.5203,46.4318
2870.687,43.0253
2870.8536,41.0514
2871.0203,45.4619
2871.187,46.694
2871.3536,52.1455
2871.5203,50.5576
2871.687,53.3237
2871.8536,49.5557
2872.0203,50.2053
2872.187,49.4696
2872.3536,50.2887
2872.5203,48.3825
2872.687,50.4436
2872.8536,47.6552
2873.0203,46.8406
2873.187,44.9235
2873.3536,45.7066
2873.5203,44.7677
2873.687,49.6869
2873.8536,53.5852
2874.0203,58.2453
2874.187,58.7249
2874.3536,57.1707
2874.5203,55.8185
2874.687,56.1645
2874.8536,61.5413
2875.0203,60.903
2875.187,59.6671
2875.3536,55.3376
2875.5203,54.2671
2875.687,54.633
2875.8536,53.0092
2876.0203,51.9882
2876.187,50.3421
2876.3536,52.131
2876.5203,54.0054
2876.687,55.9577
2876.8536,59.8449
2877.0203,59.4604
2877.187,56.7162
2877.3536,55.2388
2877.5203,57.0745
2877.687,57.3279
2877.8536,53.6933
2878.0203,54.027
2878.187,55.7131
2878.3536,56.6787
2878.5203,53.2035
2878.687,54.8
2878.8536,57.2219
2879.0203,60.8286
2879.187,59.2547
2879.3536,55.4083
2879.5203,53.7197
2879.687,54.1013
2879.8536,56.6228
2880.0203,54.7254
2880.187,53.0832
2880.3536,51.5892
2880.5203,51.8024
2880.687,56.6941
2880.8536,63.8331
2881.0203,67.7278
2881.187,62.9164
2881.3536,56.9407
2881.5203,54.3826
2881.687,54.1713
2881.8536,54.3699
2882.0203,55.4489
2882.187,58.4387
2882.3536,61.0027
2882.5203,61.7982
2882.687,60.7892
2882.8536,57.1338
2883.0203,53.2403
2883.187,47.6535
2883.3536,50.8068
2883.5203,55.06
2883.687,59.8499
2883.8536,58.5567
2884.0203,59.9387
2884.187,64.6043
2884.3536,66.0762
2884.5203,63.2549
2884.687,54.6391
2884.8536,52.0728
2885.0203,52.9539
2885.187,55.5317
2885.3536,54.7655
2885.5203,53.187
2885.687,51.3515
2885.8536,48.0504
2886.0203,48.2727
2886.187,50.8771
2886.3536,54.6462
2886.5203,53.1139
2886.687,52.8808
2886.8536,55.8736
2887.0203,61.8151
2887.187,62.6175
2887.3536,60.1535
2887.5203,56.9405
2887.687,57.9766
2887.8536,61.9465
2888.0203,64.4174
2888.187,63.0619
2888.3536,57.6919
2888.5203,55.7118
2888.687,58.3243
2888.8536,59.4873
2889.0203,59.6061
2889.187,57.4236
2889.3536,59.9203
2889.5203,63.1936
2889.687,67.566
2889.8536,66.6857
2890.0203,61.097
2890.187,59.8221
2890.3536,56.7157
2890.5203,60.5343
2890.687,54.1192
2890.8536,55.2239
2891.0203,54.5233
2891.187,55.0537
2891.3536,54.6584
2891.5203,54.8765
2891.687,58.8617
2891.8536,59.7475
2892.0203,55.9108
2892.187,55.4986
2892.3536,58.2763
2892.5203,65.5775
2892.687,67.2339
2892.8536,69.2931
2893.0203,64.4152
2893.187,61.2054
2893.3536,59.7709
2893.5203,54.6828
2893.687,54.6259
2893.8536,53.9015
2894.0203,59.752
2894.187,64.6795
2894.3536,60.2341
2894.5203,63.3385
2894.687,61.0855
2894.8536,61.0893
2895.0203,55.8583
2895.187,54.5001
2895.3536,54.7105
2895.5203,57.8699
2895.687,57.847
2895.8536,61.4706
2896.0203,58.5567
2896.187,60.9683
2896.3536,58.9468
2896.5203,58.413
2896.687,54.072
2896.8536,52.9809
2897.0203,53.5743
2897.187,57.6666
2897.3536,59.85
2897.5203,61.9194
2897.687,60.431
2897.8536,59.6108
2898.0203,61.5071
2898.187,59.9413
2898.3536,59.0871
2898.5203,52.9095
2898.687,52.5626
2898.8536,54.602
2899.0203,58.0461
2899.187,61.9143
2899.3536,62.876
2899.5203,61.5676
2899.687,57.4198
2899.8536,53.9531
2900.0203,56.002
2900.187,57.1315
2900.3536,55.4227
2900.5203,53.428
2900.687,56.154
2900.8536,60.1265
2901.0203,59.0909
2901.187,55.8209
2901.3536,56.8326
2901.5203,58.4567
2901.687,58.5775
2901.8536,59.7799
2902.0203,61.7671
2902.187,65.0756
2902.3536,65.4739
2902.5203,65.9533
2902.687,65.0683
2902.8536,60.951
2903.0203,57.1572
2903.187,55.6845
2903.3536,52.9986
2903.5203,50.988
2903.687,50.7979
2903.8536,55.773
2904.0203,63.0294
2904.187,68.9519
2904.3536,73.9574
2904.5203,71.7791
2904.687,65.962
2904.8536,62.3579
2905.0203,62.179
2905.187,62.47
2905.3536,60.4174
2905.5203,61.6161
2905.687,62.0932
2905.8536,66.5394
2906.0203,69.3569
2906.187,69.6801
2906.3536,68.2281
2906.5203,65.4055
2906.687,65.9551
2906.8536,64.241
2907.0203,67.1181
2907.187,67.9655
2907.3536,65.3203
2907.5203,56.703
2907.687,55.6492
2907.8536,57.518
2908.0203,57.7458
2908.187,54.0092
2908.3536,52.4316
2908.5203,51.4066
2908.687,53.6783
2908.8536,55.3024
2909.0203,58.5136
2909.187,58.7313
2909.3536,59.9416
2909.5203,61.2026
2909.687,58.725
2909.8536,55.6414
2910.0203,56.7485
2910.187,60.4828
2910.3536,64.2081
2910.5203,65.0364
2910.687,64.3917
2910.8536,65.4072
2911.0203,60.3247
2911.187,56.4743
2911.3536,56.8076
2911.5203,59.6679
2911.687,57.3573
2911.8536,57.988
2912.0203,54.2894
2912.187,57.4237
2912.3536,51.8317
2912.5203,54.2834
2912.687,56.7358
2912.8536,57.3805
2913.0203,56.4969
2913.187,55.2712
2913.3536,58.0034
2913.5203,56.8545
2913.687,55.1712
2913.8536,51.7993
2914.0203,52.1883
2914.187,51.9842
2914.3536,54.1697
2914.5203,59.7906
2914.687,60.5974
2914.8536,64.4153
2915.0203,63.6491
2915.187,67.1479
2915.3536,59.8593
2915.5203,60.1468
2915.687,56.5242
2915.8536,54.8033
2916.0203,51.496
2916.187,54.6665
2916.3536,66.0795
2916.5203,64.9049
2916.687,64.8387
2916.8536,54.5419
2917.0203,60.9555
2917.187,57.0197
2917.3536,56.6981
2917.5203,52.1368
2917.687,54.1713
2917.8536,62.9838
2918.0203,62.0007
2918.187,66.393
2918.3536,59.3901
2918.5203,60.5506
2918.687,57.0038
2918.8536,59.0526
2919.0203,61.3945
2919.187,59.5871
2919.3536,62.4745
2919.5203,63.0209
2919.687,66.3453
2919.8536,63.3683
2920.0203,64.2727

